{"cameraMode":{"drawMode":0,"name":"Shaded","section":"Shading Mode"},"sceneLighting":true,"audioPlay":false,"sceneViewState":{"showFog":true,"showMaterialUpdate":false,"showSkybox":true,"showFlares":true,"showImageEffects":true,"showParticleSystems":true},"in2DMode":false,"pivot":{"x":3.45363450050354,"y":-0.8193868398666382,"z":-1.6514532566070557},"rotation":{"x":-0.01136857084929943,"y":0.966819167137146,"z":-0.25141653418540957,"w":-0.04383368045091629},"size":18.738046646118165,"orthographic":false}