{"cameraMode":{"drawMode":0,"name":"Shaded","section":"Shading Mode"},"sceneLighting":false,"audioPlay":false,"sceneViewState":{"showFog":true,"showMaterialUpdate":false,"showSkybox":true,"showFlares":true,"showImageEffects":true,"showParticleSystems":true},"in2DMode":false,"pivot":{"x":11.415292739868164,"y":2.0513603687286379,"z":8.877035140991211},"rotation":{"x":0.001015070010907948,"y":0.9989748597145081,"z":0.029668312519788743,"w":-0.034177716821432117},"size":7.012399673461914,"orthographic":false}