{"cameraMode":{"drawMode":0,"name":"Shaded","section":"Shading Mode"},"sceneLighting":true,"audioPlay":false,"sceneViewState":{"showFog":true,"showMaterialUpdate":false,"showSkybox":true,"showFlares":true,"showImageEffects":true,"showParticleSystems":true},"in2DMode":false,"pivot":{"x":1.0251104831695557,"y":3.3173770904541017,"z":-3.2126641273498537},"rotation":{"x":0.046163104474544528,"y":0.9321812391281128,"z":-0.1283337026834488,"w":0.33531713485717776},"size":16.82830810546875,"orthographic":false}